Title,URL
2026 BLU B35,https://www.machinerytrader.com/listing/for-sale/241595655/2026-blu-b35-mini-excavators
2026 BLU B60,https://www.machinerytrader.com/listing/for-sale/241627341/2026-blu-b60-crawler-excavators
2016 TAKEUCHI TB260,https://www.machinerytrader.com/listing/for-sale/257951599/2016-takeuchi-tb260-crawler-excavators
2022 VOLVO ECR40D,https://www.machinerytrader.com/listing/for-sale/257994319/2022-volvo-ecr40d-mini-excavators
2021 CATERPILLAR 310,https://www.machinerytrader.com/listing/for-sale/258856065/2021-caterpillar-310-crawler-excavators
2004 CATERPILLAR 322CL,https://www.machinerytrader.com/listing/for-sale/257737891/2004-caterpillar-322cl-crawler-excavators
1998 CATERPILLAR 345BL,https://www.machinerytrader.com/listing/for-sale/256980139/1998-caterpillar-345bl-crawler-excavators
2025 DEERE 50 P-TIER,https://www.machinerytrader.com/listing/for-sale/259209839/2025-deere-50-p-tier-mini-excavators
2024 HITACHI ZX85USB-7,https://www.machinerytrader.com/listing/for-sale/258796707/2024-hitachi-zx85usb-7-crawler-excavators
2024 JCB 370X,https://www.machinerytrader.com/listing/for-sale/258496621/2024-jcb-370x-crawler-excavators
2023 KUBOTA U55-5,https://www.machinerytrader.com/listing/for-sale/259064627/2023-kubota-u55-5-mini-excavators
2022 LINK-BELT 355 X4S,https://www.machinerytrader.com/listing/for-sale/256679367/2022-link-belt-355-x4s-crawler-excavators
2023 LIUGONG 922F,https://www.machinerytrader.com/listing/for-sale/258105091/2023-liugong-922f-crawler-excavators
2022 XCMG XE155UCR,https://www.machinerytrader.com/listing/for-sale/258153979/2022-xcmg-xe155ucr-crawler-excavators
2023 BOBCAT E35R2,https://www.machinerytrader.com/listing/for-sale/259114611/2023-bobcat-e35r2-mini-excavators
2024 BOBCAT E88R2,https://www.machinerytrader.com/listing/for-sale/231670825/2024-bobcat-e88r2-crawler-excavators
2023 BOBCAT E145,https://www.machinerytrader.com/listing/for-sale/227937003/2023-bobcat-e145-crawler-excavators
2022 CATERPILLAR 349,https://www.machinerytrader.com/listing/for-sale/259114189/2022-caterpillar-349-crawler-excavators
2022 HYUNDAI HX480AL,https://www.machinerytrader.com/listing/for-sale/254576209/2022-hyundai-hx480al-crawler-excavators
2001 CATERPILLAR 365BL,https://www.machinerytrader.com/listing/for-sale/245212569/2001-caterpillar-365bl-crawler-excavators
2015 KOMATSU PC360 LC-10,https://www.machinerytrader.com/listing/for-sale/245212575/2015-komatsu-pc360-lc-10-crawler-excavators
2006 KOMATSU PC600 LC,https://www.machinerytrader.com/listing/for-sale/258160725/2006-komatsu-pc600-lc-crawler-excavators
2011 LINK-BELT 350 X2,https://www.machinerytrader.com/listing/for-sale/245687417/2011-link-belt-350-x2-crawler-excavators
2023 BOBCAT E35R2,https://www.machinerytrader.com/listing/for-sale/259377503/2023-bobcat-e35r2-mini-excavators
2022 HYUNDAI HX480AL,https://www.machinerytrader.com/listing/for-sale/253847555/2022-hyundai-hx480al-crawler-excavators
2025 KOBELCO SK260 LC-11,https://www.machinerytrader.com/listing/for-sale/254778497/2025-kobelco-sk260-lc-11-crawler-excavators
